Jahr,Grundfreibetrag,Kinderfreibetrag,Kindergeld_pro_Kind,Steuerzone1_bis,Steuerzone1_a,Steuerzone1_b,Steuerzone2_von,Steuerzone2_bis,Steuerzone2_a,Steuerzone2_b,Steuerzone2_c,Steuerzone3_von,Steuerzone3_bis,Steuerzone3_satz,Steuerzone3_abzug,Steuerzone4_von,Steuerzone4_satz,Steuerzone4_abzug,Soli_Freigrenze_alt,Soli_Freigrenze_einzel,Soli_Freigrenze_zusammen,Soli_Milderung,Soli_Satz,Soli_abgeschafft,RV_Satz,RV_BBG_West,RV_BBG_Ost,AV_Satz,KV_AN_Satz,KV_BBG,KV_Zusatz_durchschnitt,PV_Satz_kinderlos,PV_Satz_1Kind,PV_Satz_2Kinder,PV_Satz_3Kinder,PV_Satz_4Plus,PV_BBG,Kirchensteuer_Satz_BW_BY,Kirchensteuer_Satz_sonstige
2015,8472,4512,188,5600,979.18,1400,5600,57800,192.59,2397,966.53,57800,277825,0.42,9972.98,277825,0.45,18307.73,972,,,0.119,0.055,false,0.094,72600,62400,0.015,0.073,49500,0.9,0.01425,0.01175,0.01175,0.01175,0.01175,49500,0.08,0.09
2016,8652,4608,190,5600,979.18,1400,5600,57800,192.59,2397,966.53,57800,277825,0.42,9972.98,277825,0.45,18307.73,972,,,0.119,0.055,false,0.094,74400,64800,0.015,0.073,50850,1.1,0.01425,0.01175,0.01175,0.01175,0.01175,50850,0.08,0.09
2017,8820,4716,192,5600,979.18,1400,5600,57800,192.59,2397,966.53,57800,277825,0.42,9972.98,277825,0.45,18307.73,972,,,0.119,0.055,false,0.0935,76200,68400,0.015,0.073,52200,1.1,0.01525,0.01275,0.01275,0.01275,0.01275,52200,0.08,0.09
2018,9000,4788,194,5600,979.18,1400,5600,57800,192.59,2397,966.53,57800,277825,0.42,9972.98,277825,0.45,18307.73,972,,,0.119,0.055,false,0.093,78000,69600,0.015,0.073,53100,1.0,0.01525,0.01275,0.01275,0.01275,0.01275,53100,0.08,0.09
2019,9168,4980,204,5600,979.18,1400,5600,57800,192.59,2397,966.53,57800,277825,0.42,9972.98,277825,0.45,18307.73,972,,,0.119,0.055,false,0.093,80400,73800,0.0125,0.073,54450,0.9,0.01775,0.01525,0.01525,0.01525,0.01525,54450,0.08,0.09
2020,9408,5172,204,5600,979.18,1400,5600,57800,192.59,2397,966.53,57800,277825,0.42,9972.98,277825,0.45,18307.73,972,,,0.119,0.055,false,0.093,82800,77400,0.012,0.073,56250,1.1,0.01775,0.01525,0.01525,0.01525,0.01525,56250,0.08,0.09
2021,9744,5460,219,5600,979.18,1400,5600,57800,192.59,2397,966.53,57800,277825,0.42,9972.98,277825,0.45,18307.73,,16956,33912,0.119,0.055,true,0.093,85200,80400,0.012,0.073,58050,1.3,0.01775,0.01525,0.01525,0.01525,0.01525,58050,0.08,0.09
2022,10347,5620,219,5600,979.18,1400,5600,57800,192.59,2397,966.53,57800,277825,0.42,9972.98,277825,0.45,18307.73,,16956,33912,0.119,0.055,true,0.093,84600,81000,0.012,0.073,58050,1.3,0.01775,0.01525,0.01525,0.01525,0.01525,58050,0.08,0.09
2023,10908,6024,250,5600,979.18,1400,5600,57800,192.59,2397,966.53,57800,277825,0.42,9972.98,277825,0.45,18307.73,,17543,35086,0.119,0.055,true,0.093,87600,85200,0.013,0.073,59850,1.6,0.023,0.017,0.014,0.012,0.010,59850,0.08,0.09
2024,11604,6384,255,5600,979.18,1400,5600,57800,192.59,2397,966.53,57800,277825,0.42,9972.98,277825,0.45,18307.73,,18130,36260,0.119,0.055,true,0.093,90600,89400,0.013,0.073,62100,1.7,0.023,0.017,0.014,0.012,0.010,62100,0.08,0.09
2025,12084,6672,259,5600,979.18,1400,5600,57800,192.59,2397,966.53,57800,277825,0.42,9972.98,277825,0.45,18307.73,,18816,37632,0.119,0.055,true,0.093,96600,96600,0.013,0.073,66150,2.5,0.024,0.018,0.015,0.013,0.011,66150,0.08,0.09